bits per pixel,db_quant
2.6237220764160156,-55
2.8811569213867188,-45
0.7682991027832031,-35
0.3414573669433594,-10
2.4235916137695312,-55
2.6380958557128906,-45
1.4928398132324219,-35
0.5273056030273438,-10
1.6615409851074219,-55
2.0465927124023438,-45
1.8189468383789062,-35
0.2786064147949219,-10
3.0350570678710938,-55
3.5313034057617188,-45
0.8021812438964844,-35
0.2964630126953125,-10
3.003559112548828,-55
2.5205726623535156,-45
1.6583290100097656,-35
0.27605438232421875,-10
2.5941390991210938,-55
1.4188461303710938,-45
1.3175468444824219,-35
0.37511444091796875,-10
1.6877479553222656,-55
0.7044563293457031,-45
1.2266616821289062,-35
0.21702194213867188,-10
1.6807441711425781,-55
2.5866127014160156,-45
1.2987861633300781,-35
0.054546356201171875,-10
1.51678466796875,-55
1.8628120422363281,-45
1.5765953063964844,-35
0.5641288757324219,-10
0.8515701293945312,-55
2.478790283203125,-45
1.5999946594238281,-35
0.3409271240234375,-10
1.7004852294921875,-55
1.9443473815917969,-45
1.7310218811035156,-35
0.22245407104492188,-10
2.4452857971191406,-55
1.8335113525390625,-45
1.2266616821289062,-35
0.15093612670898438,-10
0.8493919372558594,-55
2.2710609436035156,-45
1.4031906127929688,-35
0.41504669189453125,-10
2.202983856201172,-55
2.2933120727539062,-45
1.2139358520507812,-35
0.29645538330078125,-10
0.905731201171875,-55
1.6816368103027344,-45
0.4897956848144531,-35
0.182098388671875,-10
1.7916755676269531,-55
0.6725616455078125,-45
1.0428314208984375,-35
0.5755500793457031,-10
1.811309814453125,-55
0.9973716735839844,-45
1.0150070190429688,-35
0.3982963562011719,-10
1.776611328125,-55
1.4149971008300781,-45
0.6496543884277344,-35
0.27289581298828125,-10
2.263103485107422,-55
0.6720466613769531,-45
1.5635871887207031,-35
0.3381500244140625,-10
2.0307884216308594,-55
1.3145484924316406,-45
0.3171424865722656,-35
0.61248779296875,-10
1.2759056091308594,-55
2.1290054321289062,-45
0.6060142517089844,-35
0.12477874755859375,-10
2.4654312133789062,-55
1.9410018920898438,-45
1.9263458251953125,-35
0.16403579711914062,-10
0.5583076477050781,-55
1.4345550537109375,-45
2.275920867919922,-35
0.557098388671875,-10
1.2212448120117188,-55
3.6050643920898438,-45
0.47374725341796875,-35
0.15359115600585938,-10
3.1973419189453125,-55
1.7603111267089844,-45
0.8454475402832031,-35
0.2388458251953125,-10
2.7255096435546875,-55
3.0703277587890625,-45
1.49310302734375,-35
0.13939666748046875,-10
1.7303085327148438,-55
1.6842918395996094,-45
1.0478935241699219,-35
0.21030807495117188,-10
4.247745513916016,-55
1.2249984741210938,-45
1.9669952392578125,-35
0.4821205139160156,-10
3.2370948791503906,-55
1.1863937377929688,-45
0.5923919677734375,-35
0.14544677734375,-10
1.9271125793457031,-55
2.5517005920410156,-45
0.34806060791015625,-35
0.06549835205078125,-10
2.3734512329101562,-55
2.0465927124023438,-45
0.7158851623535156,-35
0.2838554382324219,-10
1.9433746337890625,-55
1.7996826171875,-45
1.9305915832519531,-35
0.5815544128417969,-10
2.294567108154297,-55
1.9665489196777344,-45
1.0579071044921875,-35
0.22908782958984375,-10
3.3171310424804688,-55
1.4872169494628906,-45
1.2202377319335938,-35
0.3871345520019531,-10
1.1623611450195312,-55
1.4126930236816406,-45
1.5624237060546875,-35
0.557098388671875,-10
2.1008453369140625,-55
2.378204345703125,-45
0.9367790222167969,-35
0.3827629089355469,-10
3.134845733642578,-55
3.0691146850585938,-45
0.8024177551269531,-35
0.2643089294433594,-10
0.9883651733398438,-55
1.070953369140625,-45
1.0807075500488281,-35
0.11843490600585938,-10
1.540924072265625,-55
1.4681320190429688,-45
1.0248069763183594,-35
0.4895057678222656,-10
1.7976570129394531,-55
2.637340545654297,-45
1.1331977844238281,-35
0.3428306579589844,-10
1.5147666931152344,-55
2.4409141540527344,-45
0.5335006713867188,-35
0.15135574340820312,-10
1.4918479919433594,-55
2.7090492248535156,-45
1.4681396484375,-35
0.42047882080078125,-10
0.8874778747558594,-55
2.1471519470214844,-45
0.9597434997558594,-35
0.3755950927734375,-10
3.8694992065429688,-55
3.2576675415039062,-45
0.816558837890625,-35
0.15359115600585938,-10
2.923248291015625,-55
2.6135215759277344,-45
1.1331977844238281,-35
0.6747512817382812,-10
1.9449577331542969,-55
1.4863624572753906,-45
1.7079925537109375,-35
0.3355751037597656,-10
1.1264801025390625,-55
2.0592689514160156,-45
0.8611221313476562,-35
0.23740005493164062,-10
1.3138427734375,-55
0.5883140563964844,-45
2.0944595336914062,-35
0.20794677734375,-10
1.1280326843261719,-55
1.4086418151855469,-45
0.36556243896484375,-35
0.5853538513183594,-10
2.15948486328125,-55
4.24090576171875,-45
0.6513671875,-35
0.1938629150390625,-10
1.1623611450195312,-55
2.2629470825195312,-45
0.9408721923828125,-35
0.5250968933105469,-10
1.2007331848144531,-55
0.8203926086425781,-45
1.133575439453125,-35
0.19121170043945312,-10
0.6301956176757812,-55
1.333953857421875,-45
0.9259757995605469,-35
0.4551582336425781,-10
1.441497802734375,-55
2.0237808227539062,-45
2.31427001953125,-35
0.3278961181640625,-10
3.350109100341797,-55
1.5070991516113281,-45
1.2070388793945312,-35
0.18670272827148438,-10
3.8694992065429688,-55
2.782764434814453,-45
1.4364280700683594,-35
0.0645904541015625,-10
3.0212974548339844,-55
1.1066017150878906,-45
1.602996826171875,-35
0.22040176391601562,-10
2.308948516845703,-55
1.5249176025390625,-45
1.4568023681640625,-35
0.23926162719726562,-10
1.5035018920898438,-55
1.1107215881347656,-45
1.263092041015625,-35
0.1151123046875,-10
2.022747039794922,-55
1.586639404296875,-45
1.2364921569824219,-35
0.2392730712890625,-10
1.8112373352050781,-55
2.731792449951172,-45
1.2887992858886719,-35
0.17863082885742188,-10
1.4918479919433594,-55
1.8046684265136719,-45
0.5189590454101562,-35
0.5722084045410156,-10
1.6980361938476562,-55
2.006183624267578,-45
1.6078109741210938,-35
0.4355316162109375,-10
2.7375526428222656,-55
1.0308303833007812,-45
0.6562995910644531,-35
0.3045082092285156,-10
1.6545944213867188,-55
3.064342498779297,-45
1.1093673706054688,-35
0.15624237060546875,-10
1.9146575927734375,-55
1.7088775634765625,-45
2.13482666015625,-35
0.4730033874511719,-10
0.9883651733398438,-55
1.5020637512207031,-45
1.2953338623046875,-35
0.18337631225585938,-10
1.2007331848144531,-55
3.1667022705078125,-45
1.0291328430175781,-35
0.4211387634277344,-10
1.4744758605957031,-55
0.84808349609375,-45
1.3175468444824219,-35
0.3656196594238281,-10
2.5565719604492188,-55
1.4071998596191406,-45
1.7310218811035156,-35
0.11078643798828125,-10
2.070751190185547,-55
2.3940887451171875,-45
2.6505699157714844,-35
0.15003204345703125,-10
0.6358795166015625,-55
0.7559700012207031,-45
0.9952659606933594,-35
0.36518096923828125,-10
1.0245399475097656,-55
2.5557479858398438,-45
1.2970962524414062,-35
0.08417892456054688,-10
1.9024810791015625,-55
1.3261909484863281,-45
1.0579071044921875,-35
0.3529510498046875,-10
1.8005867004394531,-55
0.9459304809570312,-45
1.1486549377441406,-35
0.4276618957519531,-10
2.056732177734375,-55
1.2116889953613281,-45
0.9984855651855469,-35
0.3578300476074219,-10
3.3171310424804688,-55
1.0388107299804688,-45
0.9625053405761719,-35
0.6102333068847656,-10
3.65283203125,-55
1.934417724609375,-45
0.9538955688476562,-35
0.3161888122558594,-10
2.6584129333496094,-55
1.5172004699707031,-45
0.9625968933105469,-35
0.23316574096679688,-10
2.661212921142578,-55
2.41473388671875,-45
1.1136894226074219,-35
0.3459968566894531,-10
2.750629425048828,-55
2.4699249267578125,-45
1.0174751281738281,-35
0.08148956298828125,-10
1.5730056762695312,-55
1.5047035217285156,-45
0.6903114318847656,-35
0.42181396484375,-10
0.5898017883300781,-55
2.5401611328125,-45
1.0562095642089844,-35
0.17679214477539062,-10
0.9909553527832031,-55
2.3987998962402344,-45
1.0147132873535156,-35
0.22267913818359375,-10
1.5147666931152344,-55
1.1211357116699219,-45
0.6012649536132812,-35
0.25075531005859375,-10
1.3589630126953125,-55
2.2898025512695312,-45
1.3207778930664062,-35
0.9319419860839844,-10
2.2664718627929688,-55
1.7949905395507812,-45
1.5876884460449219,-35
0.100128173828125,-10
1.3798446655273438,-55
1.3533248901367188,-45
1.3069038391113281,-35
0.526947021484375,-10
3.4161376953125,-55
2.486492156982422,-45
0.6027297973632812,-35
0.4973869323730469,-10
2.36767578125,-55
1.0572700500488281,-45
1.55609130859375,-35
0.45809173583984375,-10
2.990314483642578,-55
2.118194580078125,-45
1.6583290100097656,-35
0.3357124328613281,-10
4.079872131347656,-55
1.2745590209960938,-45
0.59222412109375,-35
0.7504158020019531,-10
1.0422134399414062,-55
2.3883399963378906,-45
1.4681396484375,-35
0.6258888244628906,-10
2.0516357421875,-55
1.24322509765625,-45
0.5880889892578125,-35
0.2799835205078125,-10
2.021251678466797,-55
3.0350990295410156,-45
1.2070388793945312,-35
0.15190887451171875,-10
2.472412109375,-55
1.7145919799804688,-45
1.04541015625,-35
0.4551582336425781,-10
3.0941619873046875,-55
2.71282958984375,-45
1.8979263305664062,-35
0.102325439453125,-10
2.1735191345214844,-55
1.7918968200683594,-45
0.8594284057617188,-35
0.1622467041015625,-10
1.3138427734375,-55
1.164093017578125,-45
2.6051063537597656,-35
0.3150215148925781,-10
2.7726478576660156,-55
1.3178672790527344,-45
1.0974960327148438,-35
0.1949310302734375,-10
3.2857437133789062,-55
0.9562301635742188,-45
1.0562095642089844,-35
0.27597808837890625,-10
0.8893165588378906,-55
2.587566375732422,-45
1.5942878723144531,-35
0.1738433837890625,-10
2.1626625061035156,-55
2.299762725830078,-45
1.0827102661132812,-35
0.5071945190429688,-10
1.2108840942382812,-55
1.3285255432128906,-45
1.0412216186523438,-35
0.19395065307617188,-10
1.0770225524902344,-55
3.3887252807617188,-45
1.1583976745605469,-35
0.24027633666992188,-10
2.924774169921875,-55
2.5325927734375,-45
1.1729393005371094,-35
0.16476058959960938,-10
1.8178825378417969,-55
0.7262229919433594,-45
2.033611297607422,-35
0.3856468200683594,-10
3.1991615295410156,-55
1.5020637512207031,-45
1.5151443481445312,-35
0.5106430053710938,-10
2.1190948486328125,-55
1.2970504760742188,-45
1.0536727905273438,-35
0.4917144775390625,-10
1.5565261840820312,-55
1.3745460510253906,-45
1.5303192138671875,-35
0.16160202026367188,-10
1.635101318359375,-55
2.332721710205078,-45
0.32601165771484375,-35
0.37511444091796875,-10
1.5904693603515625,-55
1.0902366638183594,-45
0.5202827453613281,-35
0.3578300476074219,-10
2.2476844787597656,-55
3.3789634704589844,-45
1.5706863403320312,-35
0.5349693298339844,-10
1.7303085327148438,-55
3.5313034057617188,-45
0.22008514404296875,-35
0.3368492126464844,-10
2.174449920654297,-55
1.8712196350097656,-45
1.0424041748046875,-35
0.3871345520019531,-10
2.5941390991210938,-55
1.03643798828125,-45
0.6830253601074219,-35
0.4456787109375,-10
0.9271812438964844,-55
1.6374397277832031,-45
1.548553466796875,-35
0.2923011779785156,-10
3.0999832153320312,-55
1.0308303833007812,-45
0.8952064514160156,-35
0.2724037170410156,-10
1.8753395080566406,-55
0.9125518798828125,-45
1.7715873718261719,-35
0.2843017578125,-10
2.817157745361328,-55
1.5211334228515625,-45
1.7574958801269531,-35
0.21313095092773438,-10
1.3663825988769531,-55
3.0537033081054688,-45
0.8551673889160156,-35
0.3054084777832031,-10
2.9961204528808594,-55
1.6515159606933594,-45
0.7632713317871094,-35
0.4001655578613281,-10
1.9118690490722656,-55
1.070953369140625,-45
1.1331977844238281,-35
0.17163848876953125,-10
1.2630043029785156,-55
2.3461761474609375,-45
2.1618576049804688,-35
0.22951889038085938,-10
1.5094337463378906,-55
2.9164505004882812,-45
1.1527481079101562,-35
0.48883056640625,-10
3.6028366088867188,-55
1.6462516784667969,-45
2.0042991638183594,-35
0.2280120849609375,-10
1.8042030334472656,-55
1.3745460510253906,-45
1.4327011108398438,-35
0.4405174255371094,-10
2.7138404846191406,-55
0.658905029296875,-45
1.1583976745605469,-35
0.3566131591796875,-10
1.6751441955566406,-55
1.8372917175292969,-45
1.9813194274902344,-35
0.36762237548828125,-10
0.5898017883300781,-55
2.1836585998535156,-45
1.2139358520507812,-35
0.3435096740722656,-10
2.8244247436523438,-55
2.1820945739746094,-45
0.9057655334472656,-35
0.19089126586914062,-10
1.6865959167480469,-55
2.374614715576172,-45
0.5259284973144531,-35
0.31783294677734375,-10
2.3863182067871094,-55
2.2846298217773438,-45
2.24322509765625,-35
0.11196517944335938,-10
2.5034523010253906,-55
1.657318115234375,-45
1.267303466796875,-35
0.236541748046875,-10
2.056732177734375,-55
1.5674247741699219,-45
1.1915092468261719,-35
0.5891990661621094,-10
2.974102020263672,-55
0.9863967895507812,-45
0.8463096618652344,-35
0.38593292236328125,-10
4.159557342529297,-55
1.3043975830078125,-45
2.24322509765625,-35
0.2539100646972656,-10
2.4837188720703125,-55
1.0252532958984375,-45
0.847869873046875,-35
0.4005012512207031,-10
2.824413299560547,-55
2.0453834533691406,-45
1.4247169494628906,-35
0.14569091796875,-10
3.3709983825683594,-55
3.5921401977539062,-45
1.0558815002441406,-35
0.3957366943359375,-10
2.0332565307617188,-55
2.0300140380859375,-45
1.6385574340820312,-35
0.21797943115234375,-10
2.370361328125,-55
1.5575294494628906,-45
0.6027297973632812,-35
0.1768798828125,-10
1.8033866882324219,-55
2.090717315673828,-45
0.7258033752441406,-35
0.20982742309570312,-10
2.4144515991210938,-55
2.0382461547851562,-45
0.982574462890625,-35
0.3063697814941406,-10
1.7438812255859375,-55
1.4145774841308594,-45
0.8839302062988281,-35
0.28636932373046875,-10
1.7536697387695312,-55
1.0570793151855469,-45
0.8964614868164062,-35
0.7505950927734375,-10
0.9656982421875,-55
2.3164749145507812,-45
0.8463096618652344,-35
0.3866729736328125,-10
2.1844558715820312,-55
2.1298599243164062,-45
1.0341644287109375,-35
0.20799636840820312,-10
2.9637222290039062,-55
2.188770294189453,-45
0.6749801635742188,-35
0.2482757568359375,-10
1.8949089050292969,-55
1.50048828125,-45
0.982574462890625,-35
0.213653564453125,-10
2.942523956298828,-55
2.9404144287109375,-45
1.6212120056152344,-35
0.25356292724609375,-10
2.784374237060547,-55
3.217823028564453,-45
0.6673812866210938,-35
0.44049835205078125,-10
1.3129539489746094,-55
1.9978141784667969,-45
0.9269943237304688,-35
0.27913665771484375,-10
3.0212974548339844,-55
1.7502174377441406,-45
0.9064178466796875,-35
0.43727874755859375,-10
1.6751441955566406,-55
1.3683853149414062,-45
1.272918701171875,-35
0.23693084716796875,-10
1.1773605346679688,-55
1.5575294494628906,-45
0.7405548095703125,-35
0.3934364318847656,-10
1.3194122314453125,-55
0.9201774597167969,-45
1.2912139892578125,-35
0.2854881286621094,-10
3.5732803344726562,-55
0.9121818542480469,-45
0.4627113342285156,-35
0.3647117614746094,-10
3.1088027954101562,-55
1.232513427734375,-45
0.9254150390625,-35
0.4821205139160156,-10
2.900238037109375,-55
2.1599693298339844,-45
1.1275100708007812,-35
0.32283782958984375,-10
0.9966964721679688,-55
2.597888946533203,-45
1.2070388793945312,-35
0.4134025573730469,-10
2.033039093017578,-55
1.7603111267089844,-45
0.9844207763671875,-35
0.37429046630859375,-10
2.0504798889160156,-55
1.0656356811523438,-45
0.731170654296875,-35
0.3278388977050781,-10
3.626995086669922,-55
2.0382461547851562,-45
0.8794708251953125,-35
0.16476058959960938,-10
1.9749946594238281,-55
2.6396484375,-45
2.5214385986328125,-35
0.23418426513671875,-10
4.609596252441406,-55
2.2561492919921875,-45
0.636505126953125,-35
0.3798789978027344,-10
1.6808319091796875,-55
2.324024200439453,-45
1.4437675476074219,-35
0.3523597717285156,-10
2.472576141357422,-55
1.5462303161621094,-45
0.9149131774902344,-35
0.394378662109375,-10
4.551326751708984,-55
1.7007255554199219,-45
1.8333282470703125,-35
0.466949462890625,-10
1.3260612487792969,-55
2.3883399963378906,-45
1.8479766845703125,-35
0.4046478271484375,-10
1.9877967834472656,-55
2.7851791381835938,-45
0.8535919189453125,-35
0.4203681945800781,-10
2.5409507751464844,-55
0.9150238037109375,-45
1.3834724426269531,-35
0.4417228698730469,-10
1.5930747985839844,-55
0.6783409118652344,-45
1.0348548889160156,-35
0.4546852111816406,-10
3.0597686767578125,-55
2.1924209594726562,-45
0.8285484313964844,-35
0.11843490600585938,-10
2.4906959533691406,-55
2.427417755126953,-45
1.53143310546875,-35
0.33359527587890625,-10
1.6176910400390625,-55
2.884685516357422,-45
1.1814956665039062,-35
0.2556648254394531,-10
1.8333702087402344,-55
1.1296272277832031,-45
1.2139358520507812,-35
0.4244842529296875,-10
2.678150177001953,-55
1.4451370239257812,-45
0.8527870178222656,-35
0.23358154296875,-10
3.6803665161132812,-55
1.9826736450195312,-45
0.8024177551269531,-35
0.2939872741699219,-10
1.6635093688964844,-55
0.7747039794921875,-45
2.4328880310058594,-35
0.344146728515625,-10
0.8541069030761719,-55
2.299762725830078,-45
0.5789871215820312,-35
0.23885345458984375,-10
2.346790313720703,-55
2.208080291748047,-45
1.0990753173828125,-35
0.21138381958007812,-10
1.0770225524902344,-55
1.936309814453125,-45
1.6090850830078125,-35
0.18455123901367188,-10
0.8515701293945312,-55
2.0049400329589844,-45
0.9973030090332031,-35
0.40100860595703125,-10
2.2274208068847656,-55
2.2710609436035156,-45
1.7925796508789062,-35
0.351806640625,-10
1.8005867004394531,-55
1.3683853149414062,-45
0.968475341796875,-35
0.11597824096679688,-10
1.2709083557128906,-55
2.0427627563476562,-45
0.5192680358886719,-35
0.3106346130371094,-10
2.0421371459960938,-55
2.8598594665527344,-45
0.8712730407714844,-35
0.38196563720703125,-10
1.5505943298339844,-55
1.2670822143554688,-45
0.6507492065429688,-35
0.28636932373046875,-10
1.2725067138671875,-55
1.4830589294433594,-45
1.5151443481445312,-35
0.3647117614746094,-10
1.1264801025390625,-55
1.7502174377441406,-45
1.46087646484375,-35
0.4250946044921875,-10
2.7198257446289062,-55
3.5921401977539062,-45
1.2266616821289062,-35
0.27854156494140625,-10
2.2928237915039062,-55
2.7257537841796875,-45
2.5214385986328125,-35
0.21797943115234375,-10
1.4646415710449219,-55
2.346324920654297,-45
0.7148513793945312,-35
0.5437545776367188,-10
3.145477294921875,-55
2.4061622619628906,-45
0.640533447265625,-35
0.45809173583984375,-10
2.7375526428222656,-55
0.83892822265625,-45
1.8333282470703125,-35
0.3048286437988281,-10
0.5689811706542969,-55
1.9181976318359375,-45
0.3171424865722656,-35
0.5722579956054688,-10
0.43410491943359375,-55
2.9106788635253906,-45
0.8738021850585938,-35
0.17190933227539062,-10
1.7932205200195312,-55
1.0968551635742188,-45
1.2139854431152344,-35
0.32814788818359375,-10
1.2598037719726562,-55
1.5714454650878906,-45
1.6184234619140625,-35
0.24772262573242188,-10
2.678150177001953,-55
0.4962120056152344,-45
0.470306396484375,-35
0.221893310546875,-10
2.1216049194335938,-55
0.8940277099609375,-45
0.5025291442871094,-35
0.395904541015625,-10
3.2877960205078125,-55
2.3095436096191406,-45
0.6580467224121094,-35
0.22546768188476562,-10
2.344097137451172,-55
1.8810882568359375,-45
1.1243362426757812,-35
0.4456787109375,-10
1.1057395935058594,-55
2.7465972900390625,-45
0.5827522277832031,-35
0.4488525390625,-10
1.7837066650390625,-55
1.1731910705566406,-45
2.050762176513672,-35
0.5312156677246094,-10
2.7397079467773438,-55
3.0703277587890625,-45
0.4651832580566406,-35
0.19854354858398438,-10
1.6478462219238281,-55
2.0539321899414062,-45
1.2819747924804688,-35
0.20799636840820312,-10
1.2527580261230469,-55
1.3587150573730469,-45
1.6479415893554688,-35
0.6449623107910156,-10
1.7453994750976562,-55
1.390411376953125,-45
1.4327011108398438,-35
0.6234664916992188,-10
1.6909828186035156,-55
1.042938232421875,-45
1.49310302734375,-35
0.11378097534179688,-10
2.9695281982421875,-55
1.6922225952148438,-45
1.4036521911621094,-35
0.4123878479003906,-10
2.5042381286621094,-55
1.3107223510742188,-45
0.9816093444824219,-35
0.1768798828125,-10
1.9877967834472656,-55
0.6082611083984375,-45
1.6357269287109375,-35
0.185089111328125,-10
1.8333702087402344,-55
1.7121391296386719,-45
1.0662918090820312,-35
0.16056060791015625,-10
3.052234649658203,-55
1.5329704284667969,-45
1.4422416687011719,-35
0.362518310546875,-10
1.3129539489746094,-55
1.6287307739257812,-45
0.7993507385253906,-35
0.25390625,-10
3.312885284423828,-55
1.7359123229980469,-45
0.5880889892578125,-35
0.3633232116699219,-10
1.6242866516113281,-55
1.5330657958984375,-45
0.36556243896484375,-35
0.26378631591796875,-10
1.3541526794433594,-55
0.5504798889160156,-45
0.3916282653808594,-35
0.2555046081542969,-10
1.5239181518554688,-55
0.48839569091796875,-45
1.7141761779785156,-35
0.29004669189453125,-10
4.220802307128906,-55
1.4681587219238281,-45
1.8621749877929688,-35
0.24896621704101562,-10
3.0212974548339844,-55
2.7465972900390625,-45
1.04022216796875,-35
0.4278984069824219,-10
1.3794975280761719,-55
2.346324920654297,-45
1.1315536499023438,-35
0.15079498291015625,-10
1.1892967224121094,-55
2.629364013671875,-45
0.6878089904785156,-35
0.23358154296875,-10
2.913402557373047,-55
2.066242218017578,-45
0.6703262329101562,-35
0.4086456298828125,-10
3.7138137817382812,-55
0.5505638122558594,-45
1.1476020812988281,-35
0.16864395141601562,-10
1.3260612487792969,-55
2.885791778564453,-45
0.5827522277832031,-35
0.3428306579589844,-10
1.5934982299804688,-55
2.0295257568359375,-45
1.3539199829101562,-35
0.21702194213867188,-10
1.2036972045898438,-55
2.6884078979492188,-45
0.705078125,-35
0.4934654235839844,-10
1.7976570129394531,-55
1.2039146423339844,-45
0.7228546142578125,-35
0.3967132568359375,-10
1.9706764221191406,-55
1.03643798828125,-45
0.8482017517089844,-35
0.16976547241210938,-10
1.7442131042480469,-55
2.1703109741210938,-45
1.8979263305664062,-35
0.47966766357421875,-10
2.344097137451172,-55
1.0854721069335938,-45
0.5943870544433594,-35
0.4468231201171875,-10
2.3698501586914062,-55
1.3720703125,-45
0.9408721923828125,-35
0.2747840881347656,-10
1.8825759887695312,-55
1.0855751037597656,-45
0.7682991027832031,-35
0.2592430114746094,-10
2.2732925415039062,-55
1.52032470703125,-45
0.6878089904785156,-35
0.3068656921386719,-10
2.3173561096191406,-55
2.242786407470703,-45
1.481536865234375,-35
0.36517333984375,-10
1.4626617431640625,-55
1.6776351928710938,-45
0.9897384643554688,-35
0.3967132568359375,-10
2.4235916137695312,-55
1.5385246276855469,-45
0.8034782409667969,-35
0.24063491821289062,-10
0.43410491943359375,-55
1.2740249633789062,-45
0.6257743835449219,-35
0.4028472900390625,-10
2.5007171630859375,-55
0.43979644775390625,-45
0.9518470764160156,-35
0.5146636962890625,-10
2.7255096435546875,-55
0.38677978515625,-45
1.1847381591796875,-35
0.18079757690429688,-10
5.229240417480469,-55
1.0510330200195312,-45
1.2553215026855469,-35
0.13043212890625,-10
2.69976806640625,-55
1.9299507141113281,-45
2.257854461669922,-35
0.5605812072753906,-10
2.8673362731933594,-55
1.462432861328125,-45
0.8716163635253906,-35
0.4305686950683594,-10
2.9388427734375,-55
0.8434257507324219,-45
1.3829231262207031,-35
0.19953536987304688,-10
1.6635093688964844,-55
1.6578140258789062,-45
1.0974960327148438,-35
0.2591667175292969,-10
0.8711471557617188,-55
1.24322509765625,-45
1.0092201232910156,-35
0.39214324951171875,-10
3.7005577087402344,-55
3.1658897399902344,-45
1.9316902160644531,-35
0.5273056030273438,-10
3.123706817626953,-55
2.324718475341797,-45
1.7715873718261719,-35
0.3378753662109375,-10
0.9656982421875,-55
0.9244041442871094,-45
1.996978759765625,-35
0.3150215148925781,-10
2.5007171630859375,-55
3.3999252319335938,-45
0.711517333984375,-35
0.5789375305175781,-10
2.6237220764160156,-55
1.1243324279785156,-45
1.9940032958984375,-35
0.3414573669433594,-10
2.3765602111816406,-55
3.1573562622070312,-45
0.9708480834960938,-35
0.2723503112792969,-10
2.9388427734375,-55
1.5299301147460938,-45
1.0428314208984375,-35
0.06969070434570312,-10
1.0110282897949219,-55
2.3915748596191406,-45
1.2202377319335938,-35
0.3128852844238281,-10
1.3459243774414062,-55
1.0673446655273438,-45
1.1241455078125,-35
0.2638282775878906,-10
2.182056427001953,-55
0.6969490051269531,-45
0.7216606140136719,-35
0.3355751037597656,-10
1.6811790466308594,-55
1.4802703857421875,-45
0.842315673828125,-35
0.19216537475585938,-10
0.9271812438964844,-55
1.5866622924804688,-45
1.7761917114257812,-35
0.3565826416015625,-10
2.667957305908203,-55
1.5866622924804688,-45
1.2601280212402344,-35
0.36517333984375,-10
0.8320121765136719,-55
0.9863967895507812,-45
1.2601280212402344,-35
0.5297279357910156,-10
1.0250587463378906,-55
3.562305450439453,-45
0.7792472839355469,-35
0.14284133911132812,-10
3.65283203125,-55
2.6499404907226562,-45
1.6570816040039062,-35
0.3636207580566406,-10
2.667957305908203,-55
0.5883140563964844,-45
1.2601280212402344,-35
0.22655105590820312,-10
1.1479911804199219,-55
2.4063186645507812,-45
0.9107093811035156,-35
0.08068084716796875,-10
3.0069732666015625,-55
1.602081298828125,-45
2.4328880310058594,-35
0.1520843505859375,-10
1.3221664428710938,-55
1.0294761657714844,-45
1.107421875,-35
0.6595115661621094,-10
1.0623207092285156,-55
3.6772537231445312,-45
0.6492462158203125,-35
0.5853538513183594,-10
1.9708366394042969,-55
3.1168212890625,-45
0.6960296630859375,-35
0.6074104309082031,-10
2.888530731201172,-55
2.7257537841796875,-45
0.9107093811035156,-35
0.7576942443847656,-10
2.0327072143554688,-55
2.2780799865722656,-45
1.3969078063964844,-35
0.13820648193359375,-10
2.771709442138672,-55
2.884685516357422,-45
1.2326774597167969,-35
0.2556648254394531,-10
2.4372634887695312,-55
3.1168212890625,-45
1.3667678833007812,-35
0.6244583129882812,-10
2.0692825317382812,-55
2.1142311096191406,-45
0.8912086486816406,-35
0.24802780151367188,-10
0.9551887512207031,-55
2.5401611328125,-45
0.31247711181640625,-35
0.18591690063476562,-10
1.1280326843261719,-55
2.3857879638671875,-45
0.9988670349121094,-35
0.14696884155273438,-10
2.2656288146972656,-55
1.417236328125,-45
0.6219558715820312,-35
0.2792320251464844,-10
3.411762237548828,-55
1.5798072814941406,-45
0.7338027954101562,-35
0.14972686767578125,-10
1.3414878845214844,-55
1.7088775634765625,-45
2.033611297607422,-35
0.3487701416015625,-10
1.4587516784667969,-55
2.5866127014160156,-45
0.34806060791015625,-35
0.4153327941894531,-10
1.5934982299804688,-55
2.9426956176757812,-45
1.4390869140625,-35
0.213104248046875,-10
1.3589630126953125,-55
1.1088027954101562,-45
0.6140632629394531,-35
0.5410881042480469,-10
1.3927955627441406,-55
2.5325927734375,-45
0.6036186218261719,-35
0.2021331787109375,-10
0.6759033203125,-55
1.1625442504882812,-45
0.7216606140136719,-35
0.27854156494140625,-10
2.9475860595703125,-55
2.8858642578125,-45
1.4341888427734375,-35
0.40875244140625,-10
1.8178825378417969,-55
1.1088027954101562,-45
0.5195465087890625,-35
0.30884552001953125,-10
1.6037712097167969,-55
2.4300460815429688,-45
1.0399360656738281,-35
0.18182373046875,-10
2.0888099670410156,-55
3.19293212890625,-45
0.6703262329101562,-35
0.15054702758789062,-10
1.7463722229003906,-55
1.7629585266113281,-45
0.9150390625,-35
0.395904541015625,-10
1.2358436584472656,-55
1.5163650512695312,-45
1.2293701171875,-35
0.2638282775878906,-10
1.6762619018554688,-55
1.2039146423339844,-45
0.6846466064453125,-35
0.21138381958007812,-10
3.038646697998047,-55
2.0453834533691406,-45
0.9989280700683594,-35
0.2645149230957031,-10
2.44659423828125,-55
1.7650527954101562,-45
0.8937149047851562,-35
0.16056060791015625,-10
2.6121139526367188,-55
2.325439453125,-45
1.3861274719238281,-35
0.4030303955078125,-10
2.160572052001953,-55
2.188770294189453,-45
0.5592002868652344,-35
0.4731292724609375,-10
1.1405372619628906,-55
2.139862060546875,-45
0.8744468688964844,-35
0.3395729064941406,-10
1.3138427734375,-55
1.1705398559570312,-45
1.2954826354980469,-35
0.16403579711914062,-10
1.8423500061035156,-55
3.4310340881347656,-45
1.1307525634765625,-35
0.4278984069824219,-10
3.3576812744140625,-55
1.25341796875,-45
0.42165374755859375,-35
0.39968109130859375,-10
0.7567977905273438,-55
1.5445518493652344,-45
2.2751846313476562,-35
0.3030548095703125,-10
1.7932205200195312,-55
2.74591064453125,-45
1.1205902099609375,-35
0.1173095703125,-10
3.147125244140625,-55
1.784271240234375,-45
0.7501296997070312,-35
0.20977401733398438,-10
2.6237220764160156,-55
1.3175735473632812,-45
1.5635871887207031,-35
0.38036346435546875,-10
1.6012229919433594,-55
2.9164505004882812,-45
1.3572654724121094,-35
0.4417228698730469,-10
1.879486083984375,-55
2.127777099609375,-45
0.8470878601074219,-35
0.490203857421875,-10
1.9910812377929688,-55
1.5905990600585938,-45
2.0503311157226562,-35
0.13939666748046875,-10
2.7397079467773438,-55
1.2745590209960938,-45
1.9231834411621094,-35
0.6429214477539062,-10
1.6545944213867188,-55
1.9387016296386719,-45
1.412841796875,-35
0.4942626953125,-10
1.1851768493652344,-55
1.7007255554199219,-45
1.2111663818359375,-35
0.09376144409179688,-10
2.4486770629882812,-55
1.7250289916992188,-45
1.04022216796875,-35
0.054546356201171875,-10
2.509105682373047,-55
1.5897140502929688,-45
0.5465927124023438,-35
0.33359527587890625,-10
1.1479911804199219,-55
1.7121391296386719,-45
0.5595474243164062,-35
0.3202247619628906,-10
1.2496604919433594,-55
1.2645263671875,-45
0.4651832580566406,-35
0.37652587890625,-10
1.51678466796875,-55
1.9691543579101562,-45
1.4681396484375,-35
0.5262603759765625,-10
1.811309814453125,-55
1.5249176025390625,-45
0.9402961730957031,-35
0.6399917602539062,-10
1.7607231140136719,-55
0.9201774597167969,-45
0.8630409240722656,-35
0.7842903137207031,-10
1.6496505737304688,-55
1.7193450927734375,-45
0.9561424255371094,-35
0.2284393310546875,-10
3.3977699279785156,-55
1.3870506286621094,-45
1.1280403137207031,-35
0.3588142395019531,-10
1.3260612487792969,-55
1.9737167358398438,-45
1.9813194274902344,-35
0.3652496337890625,-10
1.4154129028320312,-55
1.5330657958984375,-45
1.4733314514160156,-35
0.08761978149414062,-10
2.0516357421875,-55
2.9164505004882812,-45
1.0228500366210938,-35
0.22546768188476562,-10
1.4646415710449219,-55
0.5195274353027344,-45
1.6583213806152344,-35
0.44200897216796875,-10
2.4130592346191406,-55
1.0902748107910156,-45
0.8759651184082031,-35
0.16735458374023438,-10
1.87530517578125,-55
1.7604637145996094,-45
0.5304641723632812,-35
0.25789642333984375,-10
2.8028640747070312,-55
0.9043083190917969,-45
0.8914604187011719,-35
0.2718658447265625,-10
3.359943389892578,-55
1.5608329772949219,-45
1.7141761779785156,-35
0.6102333068847656,-10
2.1826400756835938,-55
3.217823028564453,-45
1.3218650817871094,-35
0.57745361328125,-10
3.4754562377929688,-55
1.7848968505859375,-45
1.6472625732421875,-35
0.6102333068847656,-10
1.4525070190429688,-55
2.7596969604492188,-45
1.1452102661132812,-35
0.242523193359375,-10
3.5055007934570312,-55
1.2876739501953125,-45
0.42000579833984375,-35
0.11531829833984375,-10
1.7415504455566406,-55
2.6941909790039062,-45
1.7894325256347656,-35
0.221893310546875,-10
2.1120223999023438,-55
1.68804931640625,-45
0.93408203125,-35
0.3162269592285156,-10
2.7277183532714844,-55
2.816509246826172,-45
0.942169189453125,-35
0.15054702758789062,-10
2.1190948486328125,-55
2.9218482971191406,-45
2.1192855834960938,-35
0.39214324951171875,-10
0.8711471557617188,-55
1.2116889953613281,-45
0.7718467712402344,-35
0.4177818298339844,-10
1.7425003051757812,-55
1.6366806030273438,-45
0.5754585266113281,-35
0.18300247192382812,-10
3.65283203125,-55
1.7650527954101562,-45
1.1480522155761719,-35
0.3203086853027344,-10
1.879486083984375,-55
2.323162078857422,-45
0.9940032958984375,-35
0.4125633239746094,-10
2.5284194946289062,-55
1.9796905517578125,-45
1.7843704223632812,-35
0.22908782958984375,-10
2.588184356689453,-55
1.3695945739746094,-45
1.1467399597167969,-35
0.5341110229492188,-10
1.4431915283203125,-55
2.208251953125,-45
0.9940032958984375,-35
0.2023468017578125,-10
3.032726287841797,-55
0.6109046936035156,-45
1.0668907165527344,-35
0.20794677734375,-10
2.2732925415039062,-55
2.122314453125,-45
1.8631057739257812,-35
0.23358154296875,-10
1.7976570129394531,-55
1.1530914306640625,-45
0.5335006713867188,-35
0.21004104614257812,-10
1.6585655212402344,-55
2.885791778564453,-45
0.9138717651367188,-35
0.4959144592285156,-10
1.1912002563476562,-55
1.9147796630859375,-45
0.672821044921875,-35
0.3068656921386719,-10
2.8023643493652344,-55
1.4830589294433594,-45
0.7742462158203125,-35
0.48609161376953125,-10
1.4354515075683594,-55
2.8825950622558594,-45
1.6686058044433594,-35
0.4525604248046875,-10
4.931816101074219,-55
1.7436294555664062,-45
1.3654327392578125,-35
0.4365196228027344,-10
1.1027679443359375,-55
2.4061622619628906,-45
0.8392524719238281,-35
0.6586723327636719,-10
2.8053245544433594,-55
1.0108795166015625,-45
1.7323989868164062,-35
0.3444404602050781,-10
1.1280326843261719,-55
0.6977081298828125,-45
1.5053138732910156,-35
0.204376220703125,-10
1.6927337646484375,-55
1.2993698120117188,-45
1.4900703430175781,-35
0.3189582824707031,-10
1.8806877136230469,-55
2.034954071044922,-45
1.4681396484375,-35
0.5804672241210938,-10
1.5761642456054688,-55
2.662120819091797,-45
1.4191207885742188,-35
0.2554779052734375,-10
0.7730751037597656,-55
1.4954948425292969,-45
1.5879135131835938,-35
0.5359306335449219,-10
1.5220451354980469,-55
1.3681831359863281,-45
1.0985755920410156,-35
0.2905769348144531,-10
2.5565719604492188,-55
0.658905029296875,-45
0.754974365234375,-35
0.100128173828125,-10
1.7415504455566406,-55
1.090240478515625,-45
1.0613594055175781,-35
0.2507972717285156,-10
0.829345703125,-55
1.5329704284667969,-45
1.2819747924804688,-35
0.4046478271484375,-10
2.122020721435547,-55
1.1431045532226562,-45
0.9841232299804688,-35
0.47118377685546875,-10
1.3927955627441406,-55
1.3987274169921875,-45
0.7405548095703125,-35
0.36518096923828125,-10
1.9785690307617188,-55
1.9978141784667969,-45
1.9316902160644531,-35
0.17863082885742188,-10
1.1298370361328125,-55
2.783111572265625,-45
0.9382743835449219,-35
0.54254150390625,-10
2.7558975219726562,-55
0.8434257507324219,-45
0.6795005798339844,-35
0.5988807678222656,-10
2.407733917236328,-55
1.2136802673339844,-45
0.4861946105957031,-35
0.3375701904296875,-10
1.1264801025390625,-55
1.7343864440917969,-45
0.5555610656738281,-35
0.3934364318847656,-10
1.8860549926757812,-55
2.208251953125,-45
1.6054611206054688,-35
0.37061309814453125,-10
3.2714881896972656,-55
0.6720466613769531,-45
1.3803977966308594,-35
0.3261871337890625,-10
1.0373039245605469,-55
1.7046737670898438,-45
1.5876884460449219,-35
0.15624237060546875,-10
1.3674240112304688,-55
1.4654197692871094,-45
0.27883148193359375,-35
0.2864646911621094,-10
2.5626296997070312,-55
1.4311180114746094,-45
1.4390869140625,-35
0.17082595825195312,-10
2.3756027221679688,-55
1.0308303833007812,-45
1.5145034790039062,-35
0.5542068481445312,-10
1.0867233276367188,-55
0.6082611083984375,-45
1.4928398132324219,-35
0.3170051574707031,-10
1.9416770935058594,-55
1.7428207397460938,-45
1.0119247436523438,-35
0.2737617492675781,-10
1.9785690307617188,-55
1.2921638488769531,-45
1.6686058044433594,-35
0.41019439697265625,-10
2.7806243896484375,-55
2.7150802612304688,-45
2.0425071716308594,-35
0.3137626647949219,-10
0.9650192260742188,-55
1.6422538757324219,-45
0.8757553100585938,-35
0.0833740234375,-10
2.172119140625,-55
1.0252532958984375,-45
1.7253227233886719,-35
0.3528556823730469,-10
0.6725082397460938,-55
1.164093017578125,-45
0.5319061279296875,-35
0.22951889038085938,-10
1.748077392578125,-55
2.2520370483398438,-45
1.784423828125,-35
0.362518310546875,-10
0.9388809204101562,-55
1.390411376953125,-45
1.1315536499023438,-35
0.3676719665527344,-10
1.5947456359863281,-55
2.592823028564453,-45
0.5484848022460938,-35
0.16864395141601562,-10
0.6825485229492188,-55
2.731792449951172,-45
1.0611152648925781,-35
0.4895057678222656,-10
2.5881576538085938,-55
1.6369705200195312,-45
0.8133163452148438,-35
0.23024368286132812,-10
3.28179931640625,-55
1.5779228210449219,-45
0.43679046630859375,-35
0.3389892578125,-10
2.2914772033691406,-55
2.323162078857422,-45
0.9625053405761719,-35
0.7176094055175781,-10
2.784374237060547,-55
3.1942672729492188,-45
0.34806060791015625,-35
0.16883087158203125,-10
1.7698478698730469,-55
0.38677978515625,-45
1.1847381591796875,-35
0.3856468200683594,-10
2.3955955505371094,-55
1.9081878662109375,-45
1.0579071044921875,-35
0.0833740234375,-10
2.3698501586914062,-55
0.6977081298828125,-45
1.1855850219726562,-35
0.3735694885253906,-10
1.60638427734375,-55
1.6063156127929688,-45
1.2244720458984375,-35
0.5312156677246094,-10
1.5947456359863281,-55
1.420562744140625,-45
0.6140632629394531,-35
0.20705795288085938,-10
2.63446044921875,-55
1.333953857421875,-45
1.2507743835449219,-35
0.15003204345703125,-10
3.4161376953125,-55
1.3591270446777344,-45
1.4900703430175781,-35
0.37592315673828125,-10
4.048908233642578,-55
1.3933143615722656,-45
1.5053138732910156,-35
0.2818946838378906,-10
2.239116668701172,-55
1.8486671447753906,-45
0.7228546142578125,-35
0.5621299743652344,-10
2.039203643798828,-55
2.9571075439453125,-45
1.5552024841308594,-35
0.3381500244140625,-10
1.180419921875,-55
1.8007965087890625,-45
1.2953338623046875,-35
0.22908782958984375,-10
1.8386611938476562,-55
1.934417724609375,-45
0.8061676025390625,-35
0.2284393310546875,-10
1.1476707458496094,-55
0.6969490051269531,-45
1.5151443481445312,-35
0.2284393310546875,-10
3.5732803344726562,-55
2.9840774536132812,-45
1.8631057739257812,-35
0.520172119140625,-10
1.5232467651367188,-55
2.38250732421875,-45
0.6562995910644531,-35
0.27301025390625,-10
2.1528053283691406,-55
0.2857551574707031,-45
1.885040283203125,-35
0.21193313598632812,-10
2.3027801513671875,-55
1.6766853332519531,-45
0.6566581726074219,-35
0.5273056030273438,-10
0.5634346008300781,-55
1.7996826171875,-45
0.8482017517089844,-35
0.21888351440429688,-10
1.8645668029785156,-55
2.6417083740234375,-45
0.9350547790527344,-35
0.33359527587890625,-10
4.0017852783203125,-55
2.1315078735351562,-45
0.2839164733886719,-35
0.17163848876953125,-10
1.6012229919433594,-55
0.7180976867675781,-45
0.9560623168945312,-35
0.21004104614257812,-10
2.2659339904785156,-55
2.9218482971191406,-45
1.0936050415039062,-35
0.22951889038085938,-10
0.8792533874511719,-55
1.6208648681640625,-45
1.0073051452636719,-35
0.4150886535644531,-10
2.5941390991210938,-55
2.0286598205566406,-45
0.6846466064453125,-35
0.47675323486328125,-10
1.7607231140136719,-55
0.8434257507324219,-45
1.2055778503417969,-35
0.2773857116699219,-10
1.8087654113769531,-55
1.2876739501953125,-45
1.427215576171875,-35
0.3363685607910156,-10
1.776611328125,-55
1.420562744140625,-45
0.5430030822753906,-35
0.25789642333984375,-10
2.598358154296875,-55
0.8569602966308594,-45
1.0033226013183594,-35
0.6379852294921875,-10
1.437225341796875,-55
0.7559700012207031,-45
0.7056427001953125,-35
0.25310516357421875,-10
1.9910812377929688,-55
1.9037284851074219,-45
1.2202377319335938,-35
0.24929428100585938,-10
1.8768386840820312,-55
1.7803153991699219,-45
0.8896865844726562,-35
0.3363685607910156,-10
2.239116668701172,-55
3.7625579833984375,-45
1.1145744323730469,-35
0.43494415283203125,-10
1.2834396362304688,-55
2.5584259033203125,-45
1.4422760009765625,-35
0.46697235107421875,-10
1.0250587463378906,-55
0.8289222717285156,-45
1.2037391662597656,-35
0.13011550903320312,-10
2.3765602111816406,-55
1.2043342590332031,-45
0.5361785888671875,-35
0.362518310546875,-10
1.1264801025390625,-55
1.4441375732421875,-45
0.8406333923339844,-35
0.347900390625,-10
2.407733917236328,-55
2.5627365112304688,-45
1.0837440490722656,-35
0.5168113708496094,-10
2.2949180603027344,-55
2.6396484375,-45
0.8611221313476562,-35
0.16027069091796875,-10
2.0289764404296875,-55
0.5505638122558594,-45
0.8527870178222656,-35
0.38780975341796875,-10
0.6824760437011719,-55
2.140979766845703,-45
1.4474258422851562,-35
0.3106231689453125,-10
3.406494140625,-55
2.5115127563476562,-45
0.6836204528808594,-35
0.14404296875,-10
0.9520111083984375,-55
1.20111083984375,-45
1.1344413757324219,-35
0.3767814636230469,-10
1.1746597290039062,-55
2.325439453125,-45
1.5768699645996094,-35
0.21271896362304688,-10
3.1890182495117188,-55
1.0559349060058594,-45
1.3969078063964844,-35
0.7842903137207031,-10
3.359943389892578,-55
1.2019195556640625,-45
0.5106620788574219,-35
0.17863082885742188,-10
1.6103096008300781,-55
1.5220489501953125,-45
1.6546707153320312,-35
0.18943023681640625,-10
0.9966964721679688,-55
2.2933120727539062,-45
1.996978759765625,-35
0.23693084716796875,-10
1.8753395080566406,-55
3.2127151489257812,-45
1.2364921569824219,-35
0.20259857177734375,-10
1.2007331848144531,-55
1.0615081787109375,-45
1.1205902099609375,-35
0.2753257751464844,-10
0.6763114929199219,-55
1.5299301147460938,-45
0.9983673095703125,-35
0.133575439453125,-10
2.190380096435547,-55
1.0403518676757812,-45
0.6832084655761719,-35
0.5804672241210938,-10
3.348003387451172,-55
1.884674072265625,-45
1.8149757385253906,-35
0.21493911743164062,-10
2.4130592346191406,-55
1.0468902587890625,-45
1.427215576171875,-35
0.31984710693359375,-10
2.4182395935058594,-55
2.6499404907226562,-45
1.211822509765625,-35
0.133575439453125,-10
1.4354515075683594,-55
2.5866127014160156,-45
1.4139595031738281,-35
0.1851348876953125,-10
0.7908859252929688,-55
1.4345550537109375,-45
1.5912590026855469,-35
0.3728218078613281,-10
1.9034881591796875,-55
1.6512336730957031,-45
1.3340072631835938,-35
0.18079757690429688,-10
2.1416969299316406,-55
1.046600341796875,-45
0.470306396484375,-35
0.26166534423828125,-10
2.282745361328125,-55
1.4478111267089844,-45
0.7967109680175781,-35
0.23693084716796875,-10
1.1547813415527344,-55
1.1431045532226562,-45
0.7405548095703125,-35
0.2554779052734375,-10
1.7932205200195312,-55
2.637340545654297,-45
1.1512031555175781,-35
0.20828628540039062,-10
1.993896484375,-55
0.42559814453125,-45
0.6673812866210938,-35
0.3459968566894531,-10
2.818218231201172,-55
1.7271347045898438,-45
1.4699974060058594,-35
0.16654586791992188,-10
4.1312103271484375,-55
1.6172904968261719,-45
0.6832084655761719,-35
0.2606849670410156,-10
2.8420372009277344,-55
3.267803192138672,-45
0.8961448669433594,-35
0.4882316589355469,-10
2.7806243896484375,-55
2.2915077209472656,-45
0.8062973022460938,-35
0.0645904541015625,-10
1.6865959167480469,-55
1.1638450622558594,-45
0.7623634338378906,-35
0.4138298034667969,-10
2.990314483642578,-55
0.42559814453125,-45
1.9757232666015625,-35
0.3767814636230469,-10
1.1851768493652344,-55
1.7464866638183594,-45
2.2331886291503906,-35
0.6456222534179688,-10
2.3030738830566406,-55
2.2127685546875,-45
1.0837440490722656,-35
0.2929191589355469,-10
2.667957305908203,-55
0.99542236328125,-45
1.2397079467773438,-35
0.08148956298828125,-10
0.7567977905273438,-55
1.3430137634277344,-45
1.784423828125,-35
0.3063697814941406,-10
4.931816101074219,-55
0.6012496948242188,-45
1.1060905456542969,-35
0.253692626953125,-10
3.28179931640625,-55
3.8211746215820312,-45
0.8034782409667969,-35
0.5783042907714844,-10
1.9708366394042969,-55
1.7781028747558594,-45
1.7902946472167969,-35
0.1738433837890625,-10
3.8694992065429688,-55
2.4300460815429688,-45
1.2310676574707031,-35
0.3440589904785156,-10
2.8257408142089844,-55
0.5195274353027344,-45
1.3803977966308594,-35
0.3523597717285156,-10
1.635101318359375,-55
1.8051109313964844,-45
1.0428314208984375,-35
0.5755500793457031,-10
4.514171600341797,-55
0.5504798889160156,-45
0.8406333923339844,-35
0.268585205078125,-10
2.2707786560058594,-55
1.6496620178222656,-45
1.9053421020507812,-35
0.17679214477539062,-10
2.079967498779297,-55
2.1142311096191406,-45
2.275920867919922,-35
0.42940521240234375,-10
0.5634346008300781,-55
1.6312026977539062,-45
1.6078109741210938,-35
0.31252288818359375,-10
0.5413284301757812,-55
1.1509895324707031,-45
1.70721435546875,-35
0.47148895263671875,-10
1.4933280944824219,-55
1.3587150573730469,-45
1.2169265747070312,-35
0.13043212890625,-10
2.7138404846191406,-55
2.9076499938964844,-45
2.6505699157714844,-35
0.3363685607910156,-10
1.8806877136230469,-55
1.4149971008300781,-45
0.593475341796875,-35
0.17813873291015625,-10
3.1207046508789062,-55
1.1243324279785156,-45
1.052825927734375,-35
0.115386962890625,-10
1.8392791748046875,-55
1.452362060546875,-45
0.8809127807617188,-35
0.22316741943359375,-10
1.1298370361328125,-55
0.5500144958496094,-45
1.6212120056152344,-35
0.09762954711914062,-10
2.145130157470703,-55
2.6571693420410156,-45
0.6513671875,-35
0.2504386901855469,-10
2.407733917236328,-55
2.1425094604492188,-45
1.70721435546875,-35
0.2753257751464844,-10
2.3903465270996094,-55
1.1827774047851562,-45
1.1471710205078125,-35
0.3063697814941406,-10
2.784374237060547,-55
1.7491531372070312,-45
1.2531623840332031,-35
0.3302879333496094,-10
2.44659423828125,-55
2.4220542907714844,-45
1.9886817932128906,-35
0.3187408447265625,-10
2.0651779174804688,-55
2.1518821716308594,-45
0.9784202575683594,-35
0.640106201171875,-10
1.7730140686035156,-55
1.6776351928710938,-45
0.8561820983886719,-35
0.34638214111328125,-10
2.033039093017578,-55
1.7088775634765625,-45
0.9970588684082031,-35
0.5841217041015625,-10
2.397369384765625,-55
1.048004150390625,-45
0.9901924133300781,-35
0.20982742309570312,-10
2.415283203125,-55
1.4126930236816406,-45
0.9150390625,-35
0.19925689697265625,-10
2.942523956298828,-55
2.427417755126953,-45
0.7936668395996094,-35
0.2752227783203125,-10
1.3674240112304688,-55
1.0510330200195312,-45
0.9708480834960938,-35
0.4546852111816406,-10
3.0212974548339844,-55
1.6118125915527344,-45
1.3523902893066406,-35
0.3452415466308594,-10
2.4410934448242188,-55
1.2577323913574219,-45
0.9367790222167969,-35
0.23442840576171875,-10
2.6240692138671875,-55
0.84588623046875,-45
0.6628494262695312,-35
0.6143951416015625,-10
1.7730140686035156,-55
1.6422538757324219,-45
1.5797958374023438,-35
0.3798789978027344,-10
2.7198257446289062,-55
1.1066017150878906,-45
0.4025917053222656,-35
0.32358551025390625,-10
4.280975341796875,-55
2.7257537841796875,-45
1.7384796142578125,-35
0.5617408752441406,-10
1.278778076171875,-55
2.7150802612304688,-45
1.1881866455078125,-35
0.25789642333984375,-10
0.7730751037597656,-55
1.6766853332519531,-45
1.5053138732910156,-35
0.18792724609375,-10
2.927379608154297,-55
0.8534393310546875,-45
1.3829231262207031,-35
0.5335922241210938,-10
2.224872589111328,-55
1.2398796081542969,-45
1.2538681030273438,-35
0.2747344970703125,-10
2.548999786376953,-55
2.783111572265625,-45
1.5401725769042969,-35
0.5758094787597656,-10
4.159557342529297,-55
1.417236328125,-45
1.7253227233886719,-35
0.6379852294921875,-10
4.089374542236328,-55
3.0876998901367188,-45
1.1205673217773438,-35
0.4942626953125,-10
1.652435302734375,-55
2.0300140380859375,-45
1.3562583923339844,-35
0.23358154296875,-10
1.441497802734375,-55
1.1256065368652344,-45
2.1572952270507812,-35
0.4051856994628906,-10
2.7277183532714844,-55
2.139862060546875,-45
1.1159591674804688,-35
0.344146728515625,-10
1.5179367065429688,-55
2.7389144897460938,-45
1.6810302734375,-35
0.170928955078125,-10
2.5900802612304688,-55
1.4071998596191406,-45
2.2331886291503906,-35
0.5722084045410156,-10
2.7082862854003906,-55
0.6109046936035156,-45
1.33197021484375,-35
0.15209579467773438,-10
1.7458152770996094,-55
2.7479209899902344,-45
1.279083251953125,-35
0.11531829833984375,-10
3.1088027954101562,-55
2.352466583251953,-45
1.2397079467773438,-35
0.24896240234375,-10
1.635101318359375,-55
2.2196197509765625,-45
1.2553215026855469,-35
0.6747512817382812,-10
2.9695281982421875,-55
1.3175735473632812,-45
0.38002777099609375,-35
0.30004119873046875,-10
1.6585655212402344,-55
0.8434257507324219,-45
1.0662918090820312,-35
0.4425086975097656,-10
2.788738250732422,-55
1.450714111328125,-45
0.9886131286621094,-35
0.10905838012695312,-10
2.2707786560058594,-55
2.7153968811035156,-45
0.9983673095703125,-35
0.5881767272949219,-10
0.6044044494628906,-55
0.57806396484375,-45
1.5053138732910156,-35
0.4064445495605469,-10
1.7837066650390625,-55
1.6496429443359375,-45
1.2202377319335938,-35
0.26378631591796875,-10
4.1312103271484375,-55
0.9195442199707031,-45
0.770294189453125,-35
0.46697235107421875,-10
3.6491012573242188,-55
1.4466133117675781,-45
1.4716033935546875,-35
0.0833740234375,-10
2.182056427001953,-55
2.0330123901367188,-45
0.8952064514160156,-35
0.21631622314453125,-10
3.2857437133789062,-55
1.4802703857421875,-45
1.6208724975585938,-35
0.20117568969726562,-10
1.0404701232910156,-55
1.5575294494628906,-45
0.35376739501953125,-35
0.258880615234375,-10
2.7560272216796875,-55
2.3915748596191406,-45
1.9393234252929688,-35
0.102325439453125,-10
1.6617317199707031,-55
2.9164505004882812,-45
1.602996826171875,-35
0.08475875854492188,-10
1.6865959167480469,-55
1.8007965087890625,-45
1.1388931274414062,-35
0.351806640625,-10
2.0332565307617188,-55
2.7153968811035156,-45
0.5860481262207031,-35
0.3278388977050781,-10
1.1620864868164062,-55
1.5905990600585938,-45
0.5513648986816406,-35
0.23740005493164062,-10
2.415283203125,-55
1.5065078735351562,-45
1.6378860473632812,-35
0.3440589904785156,-10
1.1892967224121094,-55
0.7262229919433594,-45
0.754974365234375,-35
0.394378662109375,-10
3.614673614501953,-55
1.4126930236816406,-45
1.0412216186523438,-35
0.3473243713378906,-10
1.76336669921875,-55
3.3807830810546875,-45
1.3188667297363281,-35
0.21888351440429688,-10
1.1621513366699219,-55
3.261646270751953,-45
0.7443351745605469,-35
0.3165245056152344,-10
1.6751441955566406,-55
1.0429763793945312,-45
0.8619728088378906,-35
0.2351226806640625,-10
1.1966094970703125,-55
0.9960861206054688,-45
0.7520904541015625,-35
0.14569091796875,-10
2.0327072143554688,-55
3.1429977416992188,-45
1.4265670776367188,-35
0.15683746337890625,-10
1.4587516784667969,-55
1.6491546630859375,-45
1.1649894714355469,-35
0.37009429931640625,-10
1.7698478698730469,-55
1.7825126647949219,-45
1.6258125305175781,-35
0.3165245056152344,-10
0.9909553527832031,-55
1.1296272277832031,-45
1.1502685546875,-35
0.3403511047363281,-10
1.4354515075683594,-55
1.0902748107910156,-45
1.0297584533691406,-35
0.5273056030273438,-10
1.7707328796386719,-55
1.1004295349121094,-45
1.3637619018554688,-35
0.22951889038085938,-10
2.0504798889160156,-55
2.8624649047851562,-45
1.5041542053222656,-35
0.18670272827148438,-10
1.4431915283203125,-55
2.006183624267578,-45
0.711517333984375,-35
0.4086456298828125,-10
1.4537849426269531,-55
0.9121818542480469,-45
0.6507492065429688,-35
0.6244583129882812,-10
1.6789779663085938,-55
1.8106575012207031,-45
2.1572952270507812,-35
0.24024200439453125,-10
0.9841079711914062,-55
2.6142654418945312,-45
0.6027297973632812,-35
0.4964637756347656,-10
1.6176910400390625,-55
2.1565017700195312,-45
1.5644721984863281,-35
0.265228271484375,-10
3.760997772216797,-55
3.5821762084960938,-45
0.2599296569824219,-35
0.19923019409179688,-10
2.817157745361328,-55
2.4174156188964844,-45
0.563629150390625,-35
0.35977935791015625,-10
2.2682647705078125,-55
2.7389144897460938,-45
1.3821449279785156,-35
0.42182159423828125,-10
2.661212921142578,-55
2.8682632446289062,-45
1.1280403137207031,-35
0.345062255859375,-10
4.079872131347656,-55
1.3999481201171875,-45
1.4928398132324219,-35
0.39243316650390625,-10
2.2267417907714844,-55
0.6498908996582031,-45
0.7338027954101562,-35
0.4250946044921875,-10
3.2857437133789062,-55
1.8414573669433594,-45
0.8378143310546875,-35
0.39117431640625,-10
1.8325614929199219,-55
0.9863967895507812,-45
1.2364921569824219,-35
0.06969070434570312,-10
2.0332565307617188,-55
1.7464866638183594,-45
0.5131797790527344,-35
0.18182373046875,-10
2.013652801513672,-55
1.4521675109863281,-45
0.743927001953125,-35
0.187591552734375,-10
2.370361328125,-55
1.1155128479003906,-45
2.0487518310546875,-35
0.31783294677734375,-10
0.9451179504394531,-55
1.7629585266113281,-45
1.0662918090820312,-35
0.2299041748046875,-10
5.504859924316406,-55
1.586639404296875,-45
2.0497589111328125,-35
0.466949462890625,-10
2.584259033203125,-55
2.122314453125,-45
0.5025291442871094,-35
0.19561004638671875,-10
2.2942581176757812,-55
3.4310340881347656,-45
1.5906486511230469,-35
0.552459716796875,-10
2.7726478576660156,-55
2.2753219604492188,-45
0.5835952758789062,-35
0.5025978088378906,-10
2.049896240234375,-55
1.2859420776367188,-45
1.1467399597167969,-35
0.3588142395019531,-10
3.348003387451172,-55
1.4086418151855469,-45
1.2538681030273438,-35
0.170928955078125,-10
0.8493919372558594,-55
1.285247802734375,-45
1.2156257629394531,-35
0.3578300476074219,-10
1.7698478698730469,-55
1.9213523864746094,-45
1.5373153686523438,-35
0.2299041748046875,-10
2.8420372009277344,-55
2.770782470703125,-45
0.9860343933105469,-35
0.20261383056640625,-10
2.0346832275390625,-55
1.3162841796875,-45
0.8886642456054688,-35
0.4202728271484375,-10
3.5440711975097656,-55
3.7456512451171875,-45
2.2331886291503906,-35
0.3194160461425781,-10
2.4652633666992188,-55
2.0099830627441406,-45
0.3171424865722656,-35
0.45197296142578125,-10
2.5565719604492188,-55
1.438751220703125,-45
1.8990859985351562,-35
0.3578300476074219,-10
1.5934982299804688,-55
2.6941909790039062,-45
1.7761917114257812,-35
0.2591667175292969,-10
2.7560272216796875,-55
2.0099830627441406,-45
1.8328819274902344,-35
0.4749336242675781,-10
2.563854217529297,-55
1.090240478515625,-45
0.5886611938476562,-35
0.4526786804199219,-10
1.3794975280761719,-55
1.3178672790527344,-45
1.5157661437988281,-35
0.3054084777832031,-10
2.242626190185547,-55
0.7651596069335938,-45
1.8526115417480469,-35
0.26152801513671875,-10
1.8423500061035156,-55
1.0418739318847656,-45
0.8973846435546875,-35
0.3972930908203125,-10
1.6865959167480469,-55
1.6491546630859375,-45
2.2585220336914062,-35
0.2606849670410156,-10
1.1892967224121094,-55
1.3170585632324219,-45
1.1545295715332031,-35
0.2718658447265625,-10
3.2663536071777344,-55
2.090717315673828,-45
0.9482040405273438,-35
0.3967132568359375,-10
0.6358795166015625,-55
2.5584259033203125,-45
2.2232742309570312,-35
0.2031097412109375,-10
2.3851890563964844,-55
0.7747039794921875,-45
2.083759307861328,-35
0.2638282775878906,-10
3.032726287841797,-55
2.2629470825195312,-45
1.5765953063964844,-35
0.2943153381347656,-10
1.1298370361328125,-55
2.7213401794433594,-45
0.7148513793945312,-35
0.2721290588378906,-10
1.4827995300292969,-55
2.9404144287109375,-45
0.6140632629394531,-35
0.11531829833984375,-10
2.9656524658203125,-55
1.3175735473632812,-45
0.9350547790527344,-35
0.1938629150390625,-10
2.7793045043945312,-55
1.2571334838867188,-45
1.2531623840332031,-35
0.29871368408203125,-10
2.24176025390625,-55
1.0673446655273438,-45
0.8964614868164062,-35
0.06302642822265625,-10
1.3414878845214844,-55
2.6417083740234375,-45
1.6061134338378906,-35
0.2822761535644531,-10
2.4182395935058594,-55
2.1052207946777344,-45
1.8883399963378906,-35
0.557098388671875,-10
2.1089820861816406,-55
0.6109046936035156,-45
0.9597434997558594,-35
0.6243858337402344,-10
1.5354766845703125,-55
1.0504646301269531,-45
0.6820526123046875,-35
0.3528556823730469,-10
1.35906982421875,-55
2.427417755126953,-45
0.3548393249511719,-35
0.5721664428710938,-10
5.229240417480469,-55
1.5211334228515625,-45
1.4215888977050781,-35
0.17413330078125,-10
2.451416015625,-55
2.71282958984375,-45
0.5880889892578125,-35
0.4244842529296875,-10
1.7415504455566406,-55
0.83892822265625,-45
0.7121238708496094,-35
0.42182159423828125,-10
1.9753189086914062,-55
1.0227088928222656,-45
1.0891990661621094,-35
0.3062248229980469,-10
2.8522796630859375,-55
1.4654197692871094,-45
1.9231834411621094,-35
0.231048583984375,-10
0.4941215515136719,-55
2.6396484375,-45
1.6066474914550781,-35
0.14963531494140625,-10
0.8874778747558594,-55
2.0049400329589844,-45
1.0310935974121094,-35
0.1980743408203125,-10
2.104633331298828,-55
2.2294578552246094,-45
0.743927001953125,-35
0.4813346862792969,-10
0.4941215515136719,-55
1.6557998657226562,-45
0.968475341796875,-35
0.7493820190429688,-10
3.1973419189453125,-55
2.664886474609375,-45
0.847869873046875,-35
0.33359527587890625,-10
3.155895233154297,-55
1.5232124328613281,-45
1.0390243530273438,-35
0.1949310302734375,-10
1.5813827514648438,-55
1.7193450927734375,-45
0.8896865844726562,-35
0.54254150390625,-10
1.0531005859375,-55
2.377838134765625,-45
1.1532211303710938,-35
0.39214324951171875,-10
0.8515701293945312,-55
2.413715362548828,-45
0.9350547790527344,-35
0.6399917602539062,-10
3.038646697998047,-55
2.0452537536621094,-45
1.1512031555175781,-35
0.3855323791503906,-10
3.8823280334472656,-55
1.5937728881835938,-45
1.5644721984863281,-35
0.29583740234375,-10
2.1011390686035156,-55
1.0108795166015625,-45
0.8693389892578125,-35
0.115386962890625,-10
2.3903465270996094,-55
1.8016319274902344,-45
0.9973030090332031,-35
0.5146636962890625,-10
1.4354515075683594,-55
1.986419677734375,-45
0.93243408203125,-35
0.490203857421875,-10
1.0668220520019531,-55
1.6504364013671875,-45
0.93408203125,-35
0.1738128662109375,-10
1.6496505737304688,-55
2.572826385498047,-45
0.4211540222167969,-35
0.5318946838378906,-10
1.6666450500488281,-55
0.8906707763671875,-45
1.3219223022460938,-35
0.2897834777832031,-10
2.141368865966797,-55
1.4830589294433594,-45
1.2244720458984375,-35
0.3342132568359375,-10
1.1543235778808594,-55
1.2970504760742188,-45
1.4626693725585938,-35
0.4134025573730469,-10
3.822742462158203,-55
1.8929405212402344,-45
0.3920173645019531,-35
0.25067901611328125,-10
2.2094039916992188,-55
0.7044563293457031,-45
1.1331977844238281,-35
0.3855323791503906,-10
1.1966094970703125,-55
2.154430389404297,-45
0.8466720581054688,-35
0.38303375244140625,-10
3.4558982849121094,-55
0.9341697692871094,-45
1.7360877990722656,-35
0.24749374389648438,-10
1.6242866516113281,-55
0.6977081298828125,-45
2.1439476013183594,-35
0.4418601989746094,-10
1.3493537902832031,-55
2.9106788635253906,-45
2.2934494018554688,-35
0.42182159423828125,-10
1.1547813415527344,-55
1.8732261657714844,-45
0.6580467224121094,-35
0.2643089294433594,-10
1.3213272094726562,-55
2.4405174255371094,-45
1.1998100280761719,-35
0.2351226806640625,-10
0.7968978881835938,-55
1.0244140625,-45
2.556720733642578,-35
0.466949462890625,-10
2.2942581176757812,-55
2.832469940185547,-45
1.4156837463378906,-35
0.4472312927246094,-10
2.2942581176757812,-55
1.3683853149414062,-45
0.3969230651855469,-35
0.4551582336425781,-10
1.2725067138671875,-55
1.2184410095214844,-45
1.6686058044433594,-35
0.18465805053710938,-10
1.3414878845214844,-55
0.9960861206054688,-45
0.8482017517089844,-35
0.15924072265625,-10
3.344341278076172,-55
2.4635887145996094,-45
0.9340972900390625,-35
0.18110275268554688,-10
2.548999786376953,-55
1.4287109375,-45
1.8749008178710938,-35
0.4813346862792969,-10
2.8868331909179688,-55
1.0286636352539062,-45
1.2749366760253906,-35
0.6110038757324219,-10
5.229240417480469,-55
2.2285728454589844,-45
0.9605445861816406,-35
0.34638214111328125,-10
1.7607231140136719,-55
2.139862060546875,-45
1.1844711303710938,-35
0.4405174255371094,-10
3.5816001892089844,-55
1.9443473815917969,-45
1.2383995056152344,-35
0.4150886535644531,-10
1.8333702087402344,-55
2.2780799865722656,-45
0.8809127807617188,-35
0.345062255859375,-10
2.7891311645507812,-55
1.7439308166503906,-45
0.7240447998046875,-35
0.42940521240234375,-10
2.45001220703125,-55
2.9840774536132812,-45
1.7925796508789062,-35
0.6668777465820312,-10
2.0519256591796875,-55
1.6167182922363281,-45
0.2676734924316406,-35
0.09762954711914062,-10
4.24609375,-55
0.9973716735839844,-45
0.7338027954101562,-35
0.3435096740722656,-10
5.052921295166016,-55
2.16033935546875,-45
1.1551017761230469,-35
0.1309356689453125,-10
1.7257118225097656,-55
2.8963584899902344,-45
1.017974853515625,-35
0.21797943115234375,-10
2.915271759033203,-55
2.1120033264160156,-45
0.8988113403320312,-35
0.3473243713378906,-10
3.406494140625,-55
2.637340545654297,-45
0.9382743835449219,-35
0.38890838623046875,-10
1.2461624145507812,-55
0.9973716735839844,-45
0.7179641723632812,-35
0.48609161376953125,-10
1.9271125793457031,-55
2.0821762084960938,-45
1.885040283203125,-35
0.4202728271484375,-10
1.3194122314453125,-55
2.346324920654297,-45
1.1502685546875,-35
0.5335922241210938,-10
2.119579315185547,-55
2.6713409423828125,-45
0.8788719177246094,-35
0.5065803527832031,-10
2.3756027221679688,-55
2.5919342041015625,-45
1.7310218811035156,-35
0.26152801513671875,-10
2.7558975219726562,-55
1.694671630859375,-45
1.3296012878417969,-35
0.2139129638671875,-10
2.7375526428222656,-55
2.1152610778808594,-45
0.6562995910644531,-35
0.2778778076171875,-10
1.7891464233398438,-55
1.5423088073730469,-45
0.7121238708496094,-35
0.31783294677734375,-10
1.4354515075683594,-55
1.0468902587890625,-45
0.17809677124023438,-35
0.2738800048828125,-10
1.35906982421875,-55
2.377838134765625,-45
2.4328880310058594,-35
0.08761978149414062,-10
2.228057861328125,-55
1.7464866638183594,-45
1.1280403137207031,-35
0.0645904541015625,-10
3.382415771484375,-55
1.7803153991699219,-45
0.8913383483886719,-35
0.06969070434570312,-10
3.3171310424804688,-55
1.9387016296386719,-45
0.5592002868652344,-35
0.2388458251953125,-10
1.1620864868164062,-55
1.6816368103027344,-45
0.470306396484375,-35
0.3030548095703125,-10
2.3820724487304688,-55
1.4687347412109375,-45
1.1093673706054688,-35
0.3934364318847656,-10
1.7257118225097656,-55
1.7949905395507812,-45
0.8757553100585938,-35
0.24603271484375,-10
1.1746597290039062,-55
1.7854766845703125,-45
2.1340179443359375,-35
0.6333427429199219,-10
0.8893165588378906,-55
2.4411849975585938,-45
0.9597434997558594,-35
0.1309356689453125,-10
2.1716384887695312,-55
2.3461761474609375,-45
1.2629470825195312,-35
0.11511611938476562,-10
1.2036972045898438,-55
2.1891822814941406,-45
0.6036186218261719,-35
0.6234664916992188,-10
1.8451271057128906,-55
1.8007965087890625,-45
1.427215576171875,-35
0.12570953369140625,-10
2.1971168518066406,-55
2.5416297912597656,-45
0.9291114807128906,-35
0.14449310302734375,-10
0.6466789245605469,-55
2.6054115295410156,-45
0.6960296630859375,-35
0.24027633666992188,-10
1.4166374206542969,-55
1.8102874755859375,-45
0.7455253601074219,-35
0.3900604248046875,-10
3.4161376953125,-55
1.9017753601074219,-45
2.0316696166992188,-35
0.3273200988769531,-10
1.1609954833984375,-55
1.89031982421875,-45
1.2256355285644531,-35
0.2325897216796875,-10
1.8017044067382812,-55
2.816509246826172,-45
2.0284423828125,-35
0.21138381958007812,-10
2.4598350524902344,-55
0.5137176513671875,-45
1.1145744323730469,-35
0.6096343994140625,-10
3.348003387451172,-55
3.5713539123535156,-45
1.5157661437988281,-35
0.20648574829101562,-10
1.8968391418457031,-55
1.8106575012207031,-45
0.9597434997558594,-35
0.22908782958984375,-10
4.609596252441406,-55
2.2127685546875,-45
0.8961448669433594,-35
0.7756195068359375,-10
1.7127799987792969,-55
2.5269012451171875,-45
1.0348548889160156,-35
0.3229179382324219,-10
2.415283203125,-55
2.090717315673828,-45
1.4474258422851562,-35
0.23693084716796875,-10
2.9475860595703125,-55
2.572826385498047,-45
0.9625968933105469,-35
0.164581298828125,-10
2.4035377502441406,-55
1.6776351928710938,-45
1.8526115417480469,-35
0.12914657592773438,-10
1.8740615844726562,-55
1.6422538757324219,-45
1.6071548461914062,-35
0.4749336242675781,-10
1.8392791748046875,-55
2.1794357299804688,-45
1.5401725769042969,-35
0.2000274658203125,-10
0.9551887512207031,-55
3.9896583557128906,-45
1.0576591491699219,-35
0.4250946044921875,-10
1.5232467651367188,-55
2.1272239685058594,-45
1.0067596435546875,-35
0.2014312744140625,-10
2.7813720703125,-55
0.9201774597167969,-45
0.9310111999511719,-35
0.37592315673828125,-10
2.878864288330078,-55
2.118194580078125,-45
1.1283760070800781,-35
0.14162826538085938,-10
1.1821060180664062,-55
2.4635887145996094,-45
0.8172645568847656,-35
0.20259857177734375,-10
0.9966964721679688,-55
1.5299301147460938,-45
1.3562583923339844,-35
0.3602752685546875,-10
2.370361328125,-55
2.9218482971191406,-45
1.0228500366210938,-35
0.35385894775390625,-10
1.1892967224121094,-55
2.0295257568359375,-45
1.4215888977050781,-35
0.256378173828125,-10
2.3863182067871094,-55
2.0465927124023438,-45
1.2553215026855469,-35
0.291290283203125,-10
2.4990081787109375,-55
2.224872589111328,-45
1.2139854431152344,-35
0.30895233154296875,-10
3.117870330810547,-55
1.586639404296875,-45
0.8209266662597656,-35
0.2834281921386719,-10
1.8645668029785156,-55
1.6565170288085938,-45
1.0562095642089844,-35
0.2023468017578125,-10
0.9388809204101562,-55
2.6831741333007812,-45
1.4478492736816406,-35
0.054546356201171875,-10
0.4218177795410156,-55
2.4843597412109375,-45
0.5202827453613281,-35
0.21702194213867188,-10
0.9467277526855469,-55
4.399658203125,-45
0.9382743835449219,-35
0.19235610961914062,-10
3.1890182495117188,-55
1.4345550537109375,-45
0.7967109680175781,-35
0.40808868408203125,-10
